Filename,AQI,PM2.5,PM10,O3,CO,SO2,NO2,AQI_Class,dataset_id,Location,datetime
199.jpg,,85.0,,,,,,b_Moderate,2,,
198.jpg,,217.0,,,,,,e_Very_Unhealthy,2,,
222.jpg,,140.0,,,,,,c_Unhealthy_for_Sensitive_Groups,2,,
197.jpg,,128.0,,,,,,c_Unhealthy_for_Sensitive_Groups,2,,
220.jpg,,72.0,,,,,,b_Moderate,2,,
207.jpg,,152.0,,,,,,e_Very_Unhealthy,2,,
202.jpg,,164.0,,,,,,d_Unhealthy,2,,
219.jpg,,208.0,,,,,,e_Very_Unhealthy,2,,
221.jpg,,134.0,,,,,,c_Unhealthy_for_Sensitive_Groups,2,,
223.jpg,,129.0,,,,,,c_Unhealthy_for_Sensitive_Groups,2,,
203.jpg,,116.0,,,,,,c_Unhealthy_for_Sensitive_Groups,2,,
224.jpg,,179.0,,,,,,d_Unhealthy,2,,
205.jpg,,68.0,,,,,,b_Moderate,2,,
231.jpg,,189.0,,,,,,d_Unhealthy,2,,
20.JPG,,65.0,,,,,,b_Moderate,2,,
215.jpg,,48.0,,,,,,b_Moderate,2,,
237.jpg,,87.0,,,,,,b_Moderate,2,,
336.jpg,,33.0,,,,,,a_Good,2,,
334.jpg,,33.0,,,,,,a_Good,2,,
226.jpg,,232.0,,,,,,e_Very_Unhealthy,2,,
230.jpg,,293.0,,,,,,e_Very_Unhealthy,2,,
232.jpg,,211.0,,,,,,e_Very_Unhealthy,2,,
235.jpg,,182.0,,,,,,d_Unhealthy,2,,
229.jpg,,180.0,,,,,,d_Unhealthy,2,,
234.jpg,,76.0,,,,,,b_Moderate,2,,
240.jpg,,68.0,,,,,,b_Moderate,2,,
150.jpg,,108.0,,,,,,c_Unhealthy_for_Sensitive_Groups,2,,
274.jpg,,92.0,,,,,,b_Moderate,2,,
394.jpg,,179.0,,,,,,e_Very_Unhealthy,2,,
398.jpg,,165.0,,,,,,d_Unhealthy,2,,
113.jpg,,73.0,,,,,,b_Moderate,2,,
151.jpg,,103.0,,,,,,c_Unhealthy_for_Sensitive_Groups,2,,
204.jpg,,143.0,,,,,,c_Unhealthy_for_Sensitive_Groups,2,,
209.jpg,,42.0,,,,,,a_Good,2,,
111.jpg,,53.0,,,,,,b_Moderate,2,,
228.jpg,,79.0,,,,,,b_Moderate,2,,
153.jpg,,112.0,,,,,,c_Unhealthy_for_Sensitive_Groups,2,,
401.jpg,,163.0,,,,,,d_Unhealthy,2,,
239.jpg,,87.0,,,,,,b_Moderate,2,,
105.jpg,,64.0,,,,,,b_Moderate,2,,
29.JPG,,97.0,,,,,,b_Moderate,2,,
278.jpg,,124.0,,,,,,c_Unhealthy_for_Sensitive_Groups,2,,
155.jpg,,91.0,,,,,,b_Moderate,2,,
110.jpg,,56.0,,,,,,b_Moderate,2,,
104.jpg,,78.0,,,,,,b_Moderate,2,,
156.jpg,,78.0,,,,,,b_Moderate,2,,
282.jpg,,76.0,,,,,,b_Moderate,2,,
34.JPG,,76.0,,,,,,b_Moderate,2,,
40.JPG,,81.0,,,,,,b_Moderate,2,,
36.JPG,,81.0,,,,,,b_Moderate,2,,
241.jpg,,108.0,,,,,,b_Moderate,2,,
236.jpg,,90.0,,,,,,b_Moderate,2,,
227.jpg,,90.0,,,,,,b_Moderate,2,,
214.jpg,,56.0,,,,,,b_Moderate,2,,
52.JPG,,75.0,,,,,,b_Moderate,2,,
196.jpg,,80.0,,,,,,b_Moderate,2,,
109.jpg,,80.0,,,,,,b_Moderate,2,,
211.jpg,,42.0,,,,,,a_Good,2,,
44.JPG,,154.0,,,,,,d_Unhealthy,2,,
43.JPG,,154.0,,,,,,d_Unhealthy,2,,
53.JPG,,81.0,,,,,,b_Moderate,2,,
158.jpg,,81.0,,,,,,b_Moderate,2,,
213.jpg,,128.0,,,,,,c_Unhealthy_for_Sensitive_Groups,2,,
218.jpg,,128.0,,,,,,c_Unhealthy_for_Sensitive_Groups,2,,
54.JPG,,97.0,,,,,,b_Moderate,2,,
175.jpg,,88.0,,,,,,b_Moderate,2,,
217.jpg,,56.0,,,,,,b_Moderate,2,,
108.jpg,,58.0,,,,,,b_Moderate,2,,
107.jpg,,38.0,,,,,,a_Good,2,,
106.jpg,,38.0,,,,,,a_Good,2,,
114.jpg,,58.0,,,,,,b_Moderate,2,,
206.jpg,,66.0,,,,,,b_Moderate,2,,
210.jpg,,130.0,,,,,,c_Unhealthy_for_Sensitive_Groups,2,,
246.jpg,,33.0,,,,,,a_Good,2,,
238.jpg,,59.0,,,,,,b_Moderate,2,,
242.jpg,,136.0,,,,,,c_Unhealthy_for_Sensitive_Groups,2,,
285.jpg,,125.0,,,,,,c_Unhealthy_for_Sensitive_Groups,2,,
70.JPG,,117.0,,,,,,c_Unhealthy_for_Sensitive_Groups,2,,
71.JPG,,115.0,,,,,,c_Unhealthy_for_Sensitive_Groups,2,,
161.jpg,,132.0,,,,,,c_Unhealthy_for_Sensitive_Groups,2,,
340.jpg,,107.0,,,,,,c_Unhealthy_for_Sensitive_Groups,2,,
405.jpg,,233.0,,,,,,e_Very_Unhealthy,2,,
404.jpg,,294.0,,,,,,e_Very_Unhealthy,2,,
1039.jpg,,301.0,,,,,,e_Very_Unhealthy,2,,
247.jpg,,63.0,,,,,,b_Moderate,2,,
212.jpg,,63.0,,,,,,b_Moderate,2,,
250.jpg,,61.0,,,,,,b_Moderate,2,,
233.jpg,,58.0,,,,,,b_Moderate,2,,
216.jpg,,74.0,,,,,,b_Moderate,2,,
253.jpg,,156.0,,,,,,d_Unhealthy,2,,
103.jpg,,64.0,,,,,,b_Moderate,2,,
200.jpg,,50.0,,,,,,a_Good,2,,
255.jpg,,52.0,,,,,,b_Moderate,2,,
93.jpg,,64.0,,,,,,b_Moderate,2,,
127.jpg,,158.0,,,,,,d_Unhealthy,2,,
128.jpg,,158.0,,,,,,d_Unhealthy,2,,
129.jpg,,70.0,,,,,,b_Moderate,2,,
95.jpg,,70.0,,,,,,b_Moderate,2,,
130.jpg,,53.0,,,,,,b_Moderate,2,,
137.jpg,,56.0,,,,,,b_Moderate,2,,
97.jpg,,60.0,,,,,,b_Moderate,2,,
259.jpg,,143.0,,,,,,c_Unhealthy_for_Sensitive_Groups,2,,
99.jpg,,145.0,,,,,,c_Unhealthy_for_Sensitive_Groups,2,,
115.jpg,,114.0,,,,,,c_Unhealthy_for_Sensitive_Groups,2,,
101.jpg,,145.0,,,,,,c_Unhealthy_for_Sensitive_Groups,2,,
122.jpg,,93.0,,,,,,b_Moderate,2,,
260.jpg,,35.0,,,,,,a_Good,2,,
131.jpg,,65.0,,,,,,b_Moderate,2,,
124.jpg,,65.0,,,,,,b_Moderate,2,,
140.jpg,,58.0,,,,,,b_Moderate,2,,
126.jpg,,98.0,,,,,,b_Moderate,2,,
8.JPG,,58.0,,,,,,b_Moderate,2,,
1.JPG,,103.0,,,,,,c_Unhealthy_for_Sensitive_Groups,2,,
3.JPG,,84.0,,,,,,b_Moderate,2,,
4.JPG,,73.0,,,,,,b_Moderate,2,,
118.jpg,,73.0,,,,,,b_Moderate,2,,
6.JPG,,62.0,,,,,,b_Moderate,2,,
5.JPG,,58.0,,,,,,b_Moderate,2,,
14.JPG,,58.0,,,,,,b_Moderate,2,,
9.JPG,,58.0,,,,,,b_Moderate,2,,
7.JPG,,60.0,,,,,,b_Moderate,2,,
13.JPG,,57.0,,,,,,b_Moderate,2,,
120.jpg,,55.0,,,,,,b_Moderate,2,,
142.jpg,,76.0,,,,,,b_Moderate,2,,
15.JPG,,76.0,,,,,,b_Moderate,2,,
16.JPG,,63.0,,,,,,b_Moderate,2,,
132.jpg,,55.0,,,,,,b_Moderate,2,,
145.jpg,,66.0,,,,,,b_Moderate,2,,
264.jpg,,61.0,,,,,,b_Moderate,2,,
268.jpg,,64.0,,,,,,b_Moderate,2,,
134.jpg,,89.0,,,,,,c_Unhealthy_for_Sensitive_Groups,2,,
147.jpg,,77.0,,,,,,b_Moderate,2,,
271.jpg,,108.0,,,,,,c_Unhealthy_for_Sensitive_Groups,2,,
148.jpg,,122.0,,,,,,c_Unhealthy_for_Sensitive_Groups,2,,
21.JPG,,118.0,,,,,,c_Unhealthy_for_Sensitive_Groups,2,,
28.JPG,,81.0,,,,,,b_Moderate,2,,
167.jpg,,114.0,,,,,,c_Unhealthy_for_Sensitive_Groups,2,,
22.jpg,,130.0,,,,,,c_Unhealthy_for_Sensitive_Groups,2,,
170.jpg,,87.0,,,,,,b_Moderate,2,,
102.jpg,,64.0,,,,,,b_Moderate,2,,
179.jpg,,144.0,,,,,,c_Unhealthy_for_Sensitive_Groups,2,,
63.JPG,,144.0,,,,,,c_Unhealthy_for_Sensitive_Groups,2,,
162.jpg,,144.0,,,,,,c_Unhealthy_for_Sensitive_Groups,2,,
288.jpg,,145.0,,,,,,c_Unhealthy_for_Sensitive_Groups,2,,
59.JPG,,145.0,,,,,,b_Moderate,2,,
291.jpg,,153.0,,,,,,d_Unhealthy,2,,
343.jpg,,84.0,,,,,,b_Moderate,2,,
411.jpg,,131.0,,,,,,d_Unhealthy,2,,
90.JPG,,147.0,,,,,,c_Unhealthy_for_Sensitive_Groups,2,,
84.JPG,,147.0,,,,,,c_Unhealthy_for_Sensitive_Groups,2,,
83.JPG,,147.0,,,,,,c_Unhealthy_for_Sensitive_Groups,2,,
163.jpg,,170.0,,,,,,d_Unhealthy,2,,
433.jpg,,160.0,,,,,,d_Unhealthy,2,,
185.jpg,,155.0,,,,,,c_Unhealthy_for_Sensitive_Groups,2,,
165.jpg,,138.0,,,,,,c_Unhealthy_for_Sensitive_Groups,2,,
166.jpg,,107.0,,,,,,c_Unhealthy_for_Sensitive_Groups,2,,
190.jpg,,121.0,,,,,,c_Unhealthy_for_Sensitive_Groups,2,,
112.jpg,,76.0,,,,,,b_Moderate,2,,
293.jpg,,161.0,,,,,,d_Unhealthy,2,,
301.jpg,,161.0,,,,,,d_Unhealthy,2,,
305.jpg,,151.0,,,,,,d_Unhealthy,2,,
307.jpg,,155.0,,,,,,d_Unhealthy,2,,
309.jpg,,155.0,,,,,,d_Unhealthy,2,,
311.jpg,,159.0,,,,,,d_Unhealthy,2,,
315.jpg,,90.0,,,,,,b_Moderate,2,,
313.jpg,,90.0,,,,,,b_Moderate,2,,
327.jpg,,90.0,,,,,,b_Moderate,2,,
331.jpg,,75.0,,,,,,b_Moderate,2,,
332.jpg,,98.0,,,,,,b_Moderate,2,,
333.jpg,,76.0,,,,,,b_Moderate,2,,
75.JPG,,163.0,,,,,,d_Unhealthy,2,,
77.JPG,,159.0,,,,,,d_Unhealthy,2,,
345.jpg,,76.0,,,,,,b_Moderate,2,,
349.jpg,,110.0,,,,,,c_Unhealthy_for_Sensitive_Groups,2,,
415.jpg,,198.0,,,,,,d_Unhealthy,2,,
354.jpg,,100.0,,,,,,b_Moderate,2,,
356.jpg,,112.0,,,,,,c_Unhealthy_for_Sensitive_Groups,2,,
355.jpg,,112.0,,,,,,c_Unhealthy_for_Sensitive_Groups,2,,
363.jpg,,156.0,,,,,,d_Unhealthy,2,,
361.jpg,,156.0,,,,,,d_Unhealthy,2,,
365.jpg,,156.0,,,,,,d_Unhealthy,2,,
427.jpg,,143.0,,,,,,c_Unhealthy_for_Sensitive_Groups,2,,
368.jpg,,151.0,,,,,,c_Unhealthy_for_Sensitive_Groups,2,,
374.jpg,,157.0,,,,,,d_Unhealthy,2,,
370.jpg,,157.0,,,,,,d_Unhealthy,2,,
377.jpg,,155.0,,,,,,d_Unhealthy,2,,
379.jpg,,277.0,,,,,,e_Very_Unhealthy,2,,
381.jpg,,233.0,,,,,,e_Very_Unhealthy,2,,
383.jpg,,216.0,,,,,,e_Very_Unhealthy,2,,
440.jpg,,251.0,,,,,,e_Very_Unhealthy,2,,
385.jpg,,210.0,,,,,,e_Very_Unhealthy,2,,
387.jpg,,170.0,,,,,,d_Unhealthy,2,,
445.jpg,,105.0,,,,,,c_Unhealthy_for_Sensitive_Groups,2,,
449.jpg,,186.0,,,,,,d_Unhealthy,2,,
455.jpg,,186.0,,,,,,d_Unhealthy,2,,
389.jpg,,162.0,,,,,,d_Unhealthy,2,,
391.jpg,,166.0,,,,,,d_Unhealthy,2,,
393.jpg,,188.0,,,,,,d_Unhealthy,2,,
457.jpg,,152.0,,,,,,d_Unhealthy,2,,
201.jpg,,170.0,,,,,,d_Unhealthy,2,,
225.jpg,,54.0,,,,,,b_Moderate,2,,
78.JPG,,104.0,,,,,,c_Unhealthy_for_Sensitive_Groups,2,,
82.JPG,,104.0,,,,,,c_Unhealthy_for_Sensitive_Groups,2,,
350.jpg,,108.0,,,,,,c_Unhealthy_for_Sensitive_Groups,2,,
1045.jpg,,207.0,,,,,,e_Very_Unhealthy,2,,
1040.jpg,,207.0,,,,,,e_Very_Unhealthy,2,,
414.jpg,,221.0,,,,,,e_Very_Unhealthy,2,,
420.jpg,,202.0,,,,,,e_Very_Unhealthy,2,,
424.jpg,,190.0,,,,,,e_Very_Unhealthy,2,,
395.jpg,,183.0,,,,,,d_Unhealthy,2,,
462.jpg,,230.0,,,,,,e_Very_Unhealthy,2,,
465.jpg,,168.0,,,,,,d_Unhealthy,2,,
468.jpg,,168.0,,,,,,d_Unhealthy,2,,
474.jpg,,175.0,,,,,,d_Unhealthy,2,,
481.jpg,,174.0,,,,,,d_Unhealthy,2,,
488.jpg,,287.0,,,,,,e_Very_Unhealthy,2,,
1069.jpg,,275.0,,,,,,e_Very_Unhealthy,2,,
507.jpg,,193.0,,,,,,d_Unhealthy,2,,
522.jpg,,196.0,,,,,,d_Unhealthy,2,,
532.jpg,,204.0,,,,,,d_Unhealthy,2,,
542.jpg,,171.0,,,,,,e_Very_Unhealthy,2,,
556.jpg,,266.0,,,,,,f_Severe,2,,
570.jpg,,201.0,,,,,,d_Unhealthy,2,,
588.jpg,,162.0,,,,,,d_Unhealthy,2,,
604.jpg,,170.0,,,,,,d_Unhealthy,2,,
617.jpg,,208.0,,,,,,e_Very_Unhealthy,2,,
634.jpg,,160.0,,,,,,d_Unhealthy,2,,
1076.jpg,,164.0,,,,,,d_Unhealthy,2,,
648.jpg,,232.0,,,,,,e_Very_Unhealthy,2,,
667.jpg,,173.0,,,,,,d_Unhealthy,2,,
678.jpg,,201.0,,,,,,d_Unhealthy,2,,
699.jpg,,278.0,,,,,,e_Very_Unhealthy,2,,
708.jpg,,171.0,,,,,,d_Unhealthy,2,,
1078.jpg,,161.0,,,,,,d_Unhealthy,2,,
731.jpg,,165.0,,,,,,d_Unhealthy,2,,
758.jpg,,178.0,,,,,,d_Unhealthy,2,,
777.jpg,,183.0,,,,,,d_Unhealthy,2,,
799.jpg,,168.0,,,,,,d_Unhealthy,2,,
815.jpg,,173.0,,,,,,d_Unhealthy,2,,
837.jpg,,173.0,,,,,,d_Unhealthy,2,,
859.jpg,,178.0,,,,,,d_Unhealthy,2,,
885.jpg,,164.0,,,,,,d_Unhealthy,2,,
901.jpg,,164.0,,,,,,d_Unhealthy,2,,
1083.jpg,,162.0,,,,,,d_Unhealthy,2,,
1109.jpg,,249.0,,,,,,e_Very_Unhealthy,2,,
1111.jpg,,296.0,,,,,,e_Very_Unhealthy,2,,
1137.jpg,,296.0,,,,,,e_Very_Unhealthy,2,,
1149.jpg,,216.0,,,,,,e_Very_Unhealthy,2,,
1152.jpg,,233.0,,,,,,e_Very_Unhealthy,2,,
916.jpg,,184.0,,,,,,d_Unhealthy,2,,
937.jpg,,170.0,,,,,,d_Unhealthy,2,,
1089.jpg,,164.0,,,,,,d_Unhealthy,2,,
955.jpg,,157.0,,,,,,d_Unhealthy,2,,
971.jpg,,176.0,,,,,,d_Unhealthy,2,,
985.jpg,,173.0,,,,,,d_Unhealthy,2,,
1094.jpg,,167.0,,,,,,d_Unhealthy,2,,
990.jpg,,182.0,,,,,,e_Very_Unhealthy,2,,
1010.jpg,,166.0,,,,,,d_Unhealthy,2,,
1019.jpg,,183.0,,,,,,d_Unhealthy,2,,
1097.jpg,,210.0,,,,,,e_Very_Unhealthy,2,,
1100.jpg,,320.0,,,,,,f_Severe,2,,
1107.jpg,,186.0,,,,,,d_Unhealthy,2,,
1155.jpg,,143.0,,,,,,c_Unhealthy_for_Sensitive_Groups,2,,
1200.jpg,,156.0,,,,,,d_Unhealthy,2,,
1228.jpg,,156.0,,,,,,d_Unhealthy,2,,
1248.jpg,,121.0,,,,,,c_Unhealthy_for_Sensitive_Groups,2,,
1252.jpg,,121.0,,,,,,c_Unhealthy_for_Sensitive_Groups,2,,
1266.jpg,,156.0,,,,,,d_Unhealthy,2,,
1271.jpg,,155.0,,,,,,d_Unhealthy,2,,
1276.jpg,,156.0,,,,,,d_Unhealthy,2,,
1281.jpg,,153.0,,,,,,d_Unhealthy,2,,
1285.jpg,,164.0,,,,,,d_Unhealthy,2,,
1287.jpg,,166.0,,,,,,d_Unhealthy,2,,
1292.jpg,,165.0,,,,,,d_Unhealthy,2,,
1295.jpg,,157.0,,,,,,d_Unhealthy,2,,
1296.jpg,,158.0,,,,,,d_Unhealthy,2,,
1304.jpg,,162.0,,,,,,d_Unhealthy,2,,
1308.jpg,,161.0,,,,,,d_Unhealthy,2,,
1309.jpg,,135.0,,,,,,c_Unhealthy_for_Sensitive_Groups,2,,
1310.jpg,,135.0,,,,,,c_Unhealthy_for_Sensitive_Groups,2,,
1314.jpg,,140.0,,,,,,c_Unhealthy_for_Sensitive_Groups,2,,
1316.jpg,,124.0,,,,,,c_Unhealthy_for_Sensitive_Groups,2,,
1320.jpg,,99.0,,,,,,b_Moderate,2,,
1325.jpg,,98.0,,,,,,b_Moderate,2,,
1331.jpg,,96.0,,,,,,b_Moderate,2,,
1333.jpg,,87.0,,,,,,b_Moderate,2,,
1336.jpg,,80.0,,,,,,b_Moderate,2,,
1337.jpg,,76.0,,,,,,b_Moderate,2,,
1338.jpg,,73.0,,,,,,b_Moderate,2,,
1341.jpg,,76.0,,,,,,b_Moderate,2,,
1347.jpg,,103.0,,,,,,c_Unhealthy_for_Sensitive_Groups,2,,
1352.jpg,,99.0,,,,,,b_Moderate,2,,
1354.jpg,,99.0,,,,,,b_Moderate,2,,
1358.jpg,,92.0,,,,,,b_Moderate,2,,
1417.jpg,,143.0,,,,,,c_Unhealthy_for_Sensitive_Groups,2,,
1420.jpg,,143.0,,,,,,c_Unhealthy_for_Sensitive_Groups,2,,
1425.jpg,,135.0,,,,,,c_Unhealthy_for_Sensitive_Groups,2,,
1429.jpg,,81.0,,,,,,b_Moderate,2,,
1432.jpg,,80.0,,,,,,b_Moderate,2,,
1436.jpg,,81.0,,,,,,b_Moderate,2,,
1439.jpg,,89.0,,,,,,b_Moderate,2,,
1445.jpg,,82.0,,,,,,b_Moderate,2,,
1450.jpg,,81.0,,,,,,b_Moderate,2,,
1454.jpg,,84.0,,,,,,b_Moderate,2,,
1455.jpg,,68.0,,,,,,b_Moderate,2,,
1457.jpg,,57.0,,,,,,b_Moderate,2,,
1461.jpg,,57.0,,,,,,b_Moderate,2,,
1466.jpg,,58.0,,,,,,b_Moderate,2,,
1472.jpg,,64.0,,,,,,b_Moderate,2,,
1479.jpg,,86.0,,,,,,b_Moderate,2,,
1485.jpg,,77.0,,,,,,b_Moderate,2,,
1489.jpg,,80.0,,,,,,b_Moderate,2,,
1494.jpg,,76.0,,,,,,b_Moderate,2,,
1497.jpg,,76.0,,,,,,b_Moderate,2,,
1501.jpg,,73.0,,,,,,b_Moderate,2,,
1505.jpg,,76.0,,,,,,b_Moderate,2,,
1508.jpg,,72.0,,,,,,b_Moderate,2,,
1511.jpg,,74.0,,,,,,b_Moderate,2,,
1513.jpg,,72.0,,,,,,b_Moderate,2,,
1515.jpg,,72.0,,,,,,b_Moderate,2,,
1519.jpg,,72.0,,,,,,b_Moderate,2,,
1522.jpg,,74.0,,,,,,b_Moderate,2,,
1525.jpg,,74.0,,,,,,b_Moderate,2,,
1530.jpg,,87.0,,,,,,b_Moderate,2,,
1532.jpg,,88.0,,,,,,b_Moderate,2,,
1535.jpg,,81.0,,,,,,b_Moderate,2,,
1538.jpg,,59.0,,,,,,b_Moderate,2,,
1541.jpg,,95.0,,,,,,b_Moderate,2,,
1544.jpg,,154.0,,,,,,d_Unhealthy,2,,
1545.jpg,,161.0,,,,,,d_Unhealthy,2,,
1546.jpg,,161.0,,,,,,d_Unhealthy,2,,
1552.jpg,,154.0,,,,,,d_Unhealthy,2,,
1558.jpg,,140.0,,,,,,c_Unhealthy_for_Sensitive_Groups,2,,
1563.jpg,,97.0,,,,,,b_Moderate,2,,
1567.jpg,,97.0,,,,,,b_Moderate,2,,
1573.jpg,,95.0,,,,,,b_Moderate,2,,
1579.jpg,,137.0,,,,,,c_Unhealthy_for_Sensitive_Groups,2,,
1585.jpg,,134.0,,,,,,c_Unhealthy_for_Sensitive_Groups,2,,
1592.jpg,,102.0,,,,,,c_Unhealthy_for_Sensitive_Groups,2,,
1597.jpg,,95.0,,,,,,b_Moderate,2,,
1601.jpg,,136.0,,,,,,c_Unhealthy_for_Sensitive_Groups,2,,
1602.jpg,,136.0,,,,,,c_Unhealthy_for_Sensitive_Groups,2,,
1609.jpg,,136.0,,,,,,c_Unhealthy_for_Sensitive_Groups,2,,
1615.jpg,,148.0,,,,,,c_Unhealthy_for_Sensitive_Groups,2,,
1621.jpg,,104.0,,,,,,c_Unhealthy_for_Sensitive_Groups,2,,
1627.jpg,,84.0,,,,,,b_Moderate,2,,
1632.jpg,,76.0,,,,,,b_Moderate,2,,
1637.jpg,,70.0,,,,,,b_Moderate,2,,
1643.jpg,,67.0,,,,,,b_Moderate,2,,
1647.jpg,,80.0,,,,,,b_Moderate,2,,
1649.jpg,,62.0,,,,,,b_Moderate,2,,
1652.jpg,,62.0,,,,,,b_Moderate,2,,
1657.jpg,,76.0,,,,,,b_Moderate,2,,
1658.jpg,,76.0,,,,,,b_Moderate,2,,
1662.jpg,,69.0,,,,,,b_Moderate,2,,
1669.jpg,,100.0,,,,,,b_Moderate,2,,
1676.jpg,,136.0,,,,,,c_Unhealthy_for_Sensitive_Groups,2,,
1680.jpg,,112.0,,,,,,c_Unhealthy_for_Sensitive_Groups,2,,
1681.jpg,,112.0,,,,,,c_Unhealthy_for_Sensitive_Groups,2,,
1682.jpg,,88.0,,,,,,b_Moderate,2,,
1687.jpg,,82.0,,,,,,b_Moderate,2,,
1688.jpg,,82.0,,,,,,b_Moderate,2,,
1694.jpg,,80.0,,,,,,b_Moderate,2,,
1701.jpg,,82.0,,,,,,b_Moderate,2,,
1708.jpg,,100.0,,,,,,b_Moderate,2,,
1712.jpg,,101.0,,,,,,c_Unhealthy_for_Sensitive_Groups,2,,
1718.jpg,,97.0,,,,,,b_Moderate,2,,
1723.jpg,,158.0,,,,,,d_Unhealthy,2,,
1727.jpg,,160.0,,,,,,d_Unhealthy,2,,
1735.jpg,,159.0,,,,,,d_Unhealthy,2,,
1740.jpg,,159.0,,,,,,d_Unhealthy,2,,
1742.jpg,,66.0,,,,,,b_Moderate,2,,
1746.jpg,,71.0,,,,,,b_Moderate,2,,
1750.jpg,,71.0,,,,,,b_Moderate,2,,
1754.jpg,,75.0,,,,,,b_Moderate,2,,
1758.jpg,,76.0,,,,,,b_Moderate,2,,
1759.jpg,,62.0,,,,,,b_Moderate,2,,
1762.jpg,,62.0,,,,,,b_Moderate,2,,
1771.jpg,,65.0,,,,,,b_Moderate,2,,
1773.jpg,,65.0,,,,,,b_Moderate,2,,
1775.jpg,,71.0,,,,,,b_Moderate,2,,
1778.jpg,,89.0,,,,,,b_Moderate,2,,
1779.jpg,,97.0,,,,,,b_Moderate,2,,
1780.jpg,,97.0,,,,,,b_Moderate,2,,
1791.jpg,,90.0,,,,,,b_Moderate,2,,
1794.jpg,,110.0,,,,,,c_Unhealthy_for_Sensitive_Groups,2,,
1801.jpg,,138.0,,,,,,c_Unhealthy_for_Sensitive_Groups,2,,
1802.jpg,,152.0,,,,,,d_Unhealthy,2,,
1804.jpg,,152.0,,,,,,d_Unhealthy,2,,
1807.jpg,,143.0,,,,,,c_Unhealthy_for_Sensitive_Groups,2,,
1812.jpg,,120.0,,,,,,c_Unhealthy_for_Sensitive_Groups,2,,
1817.jpg,,101.0,,,,,,c_Unhealthy_for_Sensitive_Groups,2,,
1822.jpg,,116.0,,,,,,c_Unhealthy_for_Sensitive_Groups,2,,
1827.jpg,,119.0,,,,,,c_Unhealthy_for_Sensitive_Groups,2,,
1829.jpg,,123.0,,,,,,c_Unhealthy_for_Sensitive_Groups,2,,
1835.jpg,,125.0,,,,,,c_Unhealthy_for_Sensitive_Groups,2,,
1838.jpg,,136.0,,,,,,c_Unhealthy_for_Sensitive_Groups,2,,
1843.jpg,,151.0,,,,,,d_Unhealthy,2,,
1847.jpg,,156.0,,,,,,d_Unhealthy,2,,
1857.jpg,,158.0,,,,,,d_Unhealthy,2,,
1860.jpg,,157.0,,,,,,d_Unhealthy,2,,
1862.jpg,,163.0,,,,,,d_Unhealthy,2,,
1864.jpg,,156.0,,,,,,d_Unhealthy,2,,
1865.jpg,,156.0,,,,,,d_Unhealthy,2,,
1867.jpg,,142.0,,,,,,c_Unhealthy_for_Sensitive_Groups,2,,
1872.jpg,,171.0,,,,,,d_Unhealthy,2,,
HAR_VUN_2022-10-02-10.00-1-1.jpg,230.0,185.0,199.0,10.0,52.0,12.0,26.0,e_Very_Unhealthy,1,,
Dimapur_UHFSG_2023-02-02- 09.00-1.jpg,103.0,53.0,84.0,13.0,2.0,3.0,5.0,c_Unhealthy_for_Sensitive_Groups,1,,
TN_UHFSG_2023-02-02- 09.00-1-1.jpg,107.0,51.0,91.0,18.0,1.0,6.0,12.0,c_Unhealthy_for_Sensitive_Groups,1,,
MH_UH_2023-02-02- 09.30-1-1.jpg,182.0,115.8,188.5,25.3,,,9.5,d_Unhealthy,1,,
BRI_Un_2023-02-02- 12.00-9.jpg,158.0,70.08,100.82,58.89,0.49,4.4,1.04,d_Unhealthy,1,,
BRI_Un_2023-02-02- 15.00-8.jpg,156.0,63.33,90.8,63.2,0.46,4.05,2.98,d_Unhealthy,1,,
BRI_Un_2023-02-02-1700-9.jpg,156.0,67.06,95.93,52.38,0.52,3.35,6.49,d_Unhealthy,1,,
BENGR_UHFSG_2023-02-05-08.30-1-1.jpg,111.0,54.0,111.0,39.0,319.0,7.0,29.0,c_Unhealthy_for_Sensitive_Groups,1,,
BRI_Un_2023-02-03- 10.00-8.jpg,163.0,68.92,98.72,51.38,0.58,2.91,2.69,d_Unhealthy,1,,
TN_UNH_2023-02-03-12.30-1.jpg,150.0,78.0,159.0,25.0,1.0,8.0,12.0,d_Unhealthy,1,,
TN_UNH_2023-02-03-13.30-1.jpg,167.0,104.0,188.0,37.0,1.0,8.0,6.0,d_Unhealthy,1,,
BRI_UFSG_2023-02-03- 15.00-9.jpg,141.0,47.96,68.92,65.57,0.41,2.8,2.51,c_Unhealthy_for_Sensitive_Groups,1,,
BRI_UFSG_2023-02-03- 16.00-9.jpg,141.0,50.29,72.18,59.66,0.45,2.6,4.19,c_Unhealthy_for_Sensitive_Groups,1,,
DEL_VUnH_2023-02-04-17.00-1.jpg,281.0,174.0,132.0,97.0,24.0,19.0,71.0,e_Very_Unhealthy,1,,
DEL_SEV_2023-02-07-14.00-1.jpg,449.0,337.0,198.0,23.0,24.0,13.0,57.0,f_Severe,1,,
UP_UHFSG_2023-02-08-08.30-1.jpg,133.0,34.0,199.0,2.0,28.0,16.0,47.0,c_Unhealthy_for_Sensitive_Groups,1,,
BRI_Un_2023-02-09-08.00-1.jpg,171.0,112.46,163.45,31.17,0.96,3.84,18.78,d_Unhealthy,1,,
BENGR_UHFSG_2023-02-09-08.30-1-1.jpg,103.0,44.0,80.0,28.0,286.0,14.0,29.0,c_Unhealthy_for_Sensitive_Groups,1,,
Dimapur_MOD_2023-02-10-08.30-1.jpg,63.0,31.0,52.0,10.0,6.0,4.0,2.0,b_Moderate,1,,
TN_UHFSG_2023-02-10-08.30-1.jpg,105.0,55.0,86.0,21.0,8.0,14.0,3.0,c_Unhealthy_for_Sensitive_Groups,1,,
MH_UH_2023-02-11-03.30-2.jpg,154.0,66.2,93.75,91.0,20.0,,98.0,d_Unhealthy,1,,
BIR_MOD_2023-02-13-09.30-1.jpg,91.0,30.27,44.12,42.15,0.3,4.1,2.57,b_Moderate,1,,
BENGR_UHFSG_2023-02-14-08.30-1-1.jpg,102.0,47.0,83.0,24.0,260.0,15.0,20.0,c_Unhealthy_for_Sensitive_Groups,1,,
MH_UH_2023-02-14-11.30-1.jpg,160.0,78.8,169.0,25.0,0.0,,26.0,d_Unhealthy,1,,
BENGR_UHFSG_2023-02-15-14.30-1-1.jpg,103.0,51.0,99.0,55.0,175.0,6.0,21.0,c_Unhealthy_for_Sensitive_Groups,1,,
UP_UHFSG_2023-02-15-17.00-1.jpg,144.0,37.0,150.0,2.0,18.0,9.0,33.0,c_Unhealthy_for_Sensitive_Groups,1,,
DEL_SEV_2023-02-16-18.00-1-1.jpg,330.0,418.0,357.0,12.0,106.0,7.0,119.0,f_Severe,1,,
UP_SEV_2023-02-17-12.00-1.jpg,347.0,342.0,294.0,7.0,26.0,57.0,,f_Severe,1,,
DEL_SEV_2023-02-17-13.00-1-1.jpg,372.0,348.0,199.0,25.0,67.0,10.0,107.0,f_Severe,1,,
UP_SEV_2023-02-18-11.00-1-1.jpg,320.0,409.0,352.0,2.0,94.0,22.0,105.0,f_Severe,1,,
UP_SEV_2023-02-18-14.30-1.jpg,331.0,292.0,182.0,2.0,7.0,31.0,20.0,f_Severe,1,,
UP_SEV_2023-02-19-14.30-1.jpg,357.0,303.0,183.0,2.0,6.0,23.0,15.0,f_Severe,1,,
UP_SEV_2023-02-20-08.30-1.jpg,331.0,356.0,248.0,2.0,109.0,11.0,83.0,f_Severe,1,,
DEL_SEV_2023-02-20-14.00-1-1.jpg,363.0,257.0,139.0,41.0,65.0,35.0,83.0,f_Severe,1,,
BENGR_Mod_2023-02-21-08.30-1-1.jpg,56.0,27.0,53.0,27.0,265.0,19.0,16.0,b_Moderate,1,,
DEL_SEV_2023-02-22-14.00-1-1.jpg,450.0,500.0,480.0,91.0,78.0,17.0,47.0,f_Severe,1,,
BENGR_Mod_2023-02-24-08.30-1-1.jpg,68.0,32.0,61.0,26.0,228.0,5.0,21.0,b_Moderate,1,,
MH_VUN_2023-02-24-15.00-1-1.jpg,202.0,167.0,194.0,120.0,36.0,,91.0,e_Very_Unhealthy,1,,
BENGR_Mod_2023-02-25-08.30-1-1.jpg,73.0,29.0,64.0,23.0,189.0,7.0,16.0,b_Moderate,1,,
UP_VUN_2023-02-25-14.30-1.jpg,203.0,158.0,188.0,8.0,12.0,35.0,47.0,e_Very_Unhealthy,1,,
BENGR_Mod_2023-03-01-08.30-1-1.jpg,70.0,35.0,61.0,22.0,244.0,4.0,16.0,b_Moderate,1,,
UP_UN_2023-03-01-08.30-1-1.jpg,199.0,35.0,345.0,2.0,42.0,22.0,25.0,d_Unhealthy,1,,
BENGR_Mod_2023-03-04-08.30-1-1.jpg,71.0,34.0,63.0,24.0,172.0,2.0,16.0,b_Moderate,1,,
TN_UN_2023-03-06-09.00-1-1.jpg,161.0,111.0,169.0,19.0,398.0,24.0,18.0,d_Unhealthy,1,,
BENGR_UnFSG_2023-03-08-08.30-1-1.jpg,106.0,49.0,90.0,31.0,204.0,9.0,25.0,c_Unhealthy_for_Sensitive_Groups,1,,
BENGR_Mod_2023-03-09-08.30-1-1.jpg,51.0,26.0,45.0,16.0,248.0,11.0,14.0,b_Moderate,1,,
TN_UN_2023-03-11-08.00-1-1.jpg,152.0,102.0,162.0,16.0,252.0,26.0,32.0,d_Unhealthy,1,,
BENGR_Mod_2023-03-13-08.30-1-1.jpg,53.0,27.0,49.0,22.0,304.0,7.0,16.0,b_Moderate,1,,
MH_UN_2023-03-13-10.00-1-1.jpg,197.0,114.0,108.0,,,,64.0,d_Unhealthy,1,,
BIR_UH_2023-03-16-12.30-1-1.jpg,154.0,65.89,95.23,78.31,0.36,3.5,1.03,d_Unhealthy,1,,
BENGR_Good_2023-03-17-08.30-1-1.jpg,15.0,4.0,7.0,37.0,288.0,10.0,10.0,a_Good,1,,
MH_Mod_2023-03-21-15.00-1-1.jpg,92.0,27.0,72.0,81.0,9.0,9.0,20.0,b_Moderate,1,,
1712275143218.jpg,,,,,,,,a_Good,3,,
1712274705317.jpg,,,,,,,,a_Good,3,,
1712275321141.jpg,,,,,,,,a_Good,3,,
1712274711160.jpg,,,,,,,,a_Good,3,,
1712275466455.jpg,,,,,,,,a_Good,3,,
1712275141778.jpg,,,,,,,,a_Good,3,,
1712275148166.jpg,,,,,,,,a_Good,3,,
1712275152670.jpg,,,,,,,,a_Good,3,,
1712274712681.jpg,,,,,,,,a_Good,3,,
1712275151179.jpg,,,,,,,,a_Good,3,,
1712275318660.jpg,,,,,,,,a_Good,3,,
1712275144428.jpg,,,,,,,,a_Good,3,,
1712274706768.jpg,,,,,,,,a_Good,3,,
1712275153155.jpg,,,,,,,,a_Good,3,,
1712275322066.jpg,,,,,,,,a_Good,3,,
1712275142662.jpg,,,,,,,,a_Good,3,,
1712275319396.jpg,,,,,,,,a_Good,3,,
1712274708594.jpg,,,,,,,,a_Good,3,,
1712274707300.jpg,,,,,,,,a_Good,3,,
1712274710912.jpg,,,,,,,,a_Good,3,,
1712275144957.jpg,,,,,,,,a_Good,3,,
1712274712444.jpg,,,,,,,,a_Good,3,,
1712275153393.jpg,,,,,,,,a_Good,3,,
1712274713821.jpg,,,,,,,,a_Good,3,,
1712274709892.jpg,,,,,,,,a_Good,3,,
1712275146761.jpg,,,,,,,,a_Good,3,,
1712274706009.jpg,,,,,,,,a_Good,3,,
1712274702681.jpg,,,,,,,,a_Good,3,,
1712275147052.jpg,,,,,,,,a_Good,3,,
1712275140982.jpg,,,,,,,,a_Good,3,,
1712274703711.jpg,,,,,,,,a_Good,3,,
1712274700813.jpg,,,,,,,,a_Good,3,,
1712274703467.jpg,,,,,,,,a_Good,3,,
1712275147626.jpg,,,,,,,,a_Good,3,,
1712274714324.jpg,,,,,,,,a_Good,3,,
1712274701271.jpg,,,,,,,,a_Good,3,,
1712275151508.jpg,,,,,,,,a_Good,3,,
1712275319866.jpg,,,,,,,,a_Good,3,,
1712275152388.jpg,,,,,,,,a_Good,3,,
1712275465937.jpg,,,,,,,,a_Good,3,,
1712274707548.jpg,,,,,,,,a_Good,3,,
1712275320606.jpg,,,,,,,,a_Good,3,,
1712275318399.jpg,,,,,,,,a_Good,3,,
1712274709362.jpg,,,,,,,,a_Good,3,,
1712275145768.jpg,,,,,,,,a_Good,3,,
1712274704487.jpg,,,,,,,,a_Good,3,,
1712275317647.jpg,,,,,,,,a_Good,3,,
1712274712197.jpg,,,,,,,,a_Good,3,,
1712275321468.jpg,,,,,,,,a_Good,3,,
1712274708332.jpg,,,,,,,,a_Good,3,,
1712275318148.jpg,,,,,,,,a_Good,3,,
1712274701510.jpg,,,,,,,,a_Good,3,,
1712275146502.jpg,,,,,,,,a_Good,3,,
1712274705549.jpg,,,,,,,,a_Good,3,,
1712274706256.jpg,,,,,,,,a_Good,3,,
1712275149792.jpg,,,,,,,,a_Good,3,,
1712275141496.jpg,,,,,,,,a_Good,3,,
1712275322412.jpg,,,,,,,,a_Good,3,,
1712275148713.jpg,,,,,,,,a_Good,3,,
1712274713315.jpg,,,,,,,,a_Good,3,,
1712274702218.jpg,,,,,,,,a_Good,3,,
1712275143445.jpg,,,,,,,,a_Good,3,,
1712275147353.jpg,,,,,,,,a_Good,3,,
1712275144699.jpg,,,,,,,,a_Good,3,,
1712275143928.jpg,,,,,,,,a_Good,3,,
1712275319661.jpg,,,,,,,,a_Good,3,,
1712274707032.jpg,,,,,,,,a_Good,3,,
1712275322973.jpg,,,,,,,,a_Good,3,,
1712275150353.jpg,,,,,,,,a_Good,3,,
1712274711679.jpg,,,,,,,,a_Good,3,,
1712275148454.jpg,,,,,,,,a_Good,3,,
1712275317883.jpg,,,,,,,,a_Good,3,,
1712275466212.jpg,,,,,,,,a_Good,3,,
1712275466951.jpg,,,,,,,,a_Good,3,,
1712274705791.jpg,,,,,,,,a_Good,3,,
1712274708074.jpg,,,,,,,,a_Good,3,,
1712275145985.jpg,,,,,,,,a_Good,3,,
1712275320357.jpg,,,,,,,,a_Good,3,,
1712275150608.jpg,,,,,,,,a_Good,3,,
1712274702438.jpg,,,,,,,,a_Good,3,,
1712275319139.jpg,,,,,,,,a_Good,3,,
1712274706510.jpg,,,,,,,,a_Good,3,,
1712274710158.jpg,,,,,,,,a_Good,3,,
1712275153649.jpg,,,,,,,,a_Good,3,,
1712274710415.jpg,,,,,,,,a_Good,3,,
1712274707814.jpg,,,,,,,,a_Good,3,,
1712274714075.jpg,,,,,,,,a_Good,3,,
1712274700572.jpg,,,,,,,,a_Good,3,,
1712275142394.jpg,,,,,,,,a_Good,3,,
1712275143698.jpg,,,,,,,,a_Good,3,,
1712274709620.jpg,,,,,,,,a_Good,3,,
1712275141267.jpg,,,,,,,,a_Good,3,,
1712275142961.jpg,,,,,,,,a_Good,3,,
1712274704772.jpg,,,,,,,,a_Good,3,,
1712274711431.jpg,,,,,,,,a_Good,3,,
1712275149270.jpg,,,,,,,,a_Good,3,,
1712275147881.jpg,,,,,,,,a_Good,3,,
1712274701742.jpg,,,,,,,,a_Good,3,,
1712274701031.jpg,,,,,,,,a_Good,3,,
1712275467757.jpg,,,,,,,,a_Good,3,,
1712274713569.jpg,,,,,,,,a_Good,3,,
1712274703961.jpg,,,,,,,,a_Good,3,,
1712275318912.jpg,,,,,,,,a_Good,3,,
1712275321771.jpg,,,,,,,,a_Good,3,,
1712274713152.jpg,,,,,,,,a_Good,3,,
1712275152915.jpg,,,,,,,,a_Good,3,,
1712275150864.jpg,,,,,,,,a_Good,3,,
1712275152108.jpg,,,,,,,,a_Good,3,,
1712275149510.jpg,,,,,,,,a_Good,3,,
1712274704199.jpg,,,,,,,,a_Good,3,,
1712274701977.jpg,,,,,,,,a_Good,3,,
1712275146232.jpg,,,,,,,,a_Good,3,,
1712274710648.jpg,,,,,,,,a_Good,3,,
1712275142097.jpg,,,,,,,,a_Good,3,,
1712274705047.jpg,,,,,,,,a_Good,3,,
1712275144169.jpg,,,,,,,,a_Good,3,,
1712275145263.jpg,,,,,,,,a_Good,3,,
1712275320912.jpg,,,,,,,,a_Good,3,,
1712275467196.jpg,,,,,,,,a_Good,3,,
1712275151837.jpg,,,,,,,,a_Good,3,,
1712275320079.jpg,,,,,,,,a_Good,3,,
1712275317400.jpg,,,,,,,,a_Good,3,,
1712275150081.jpg,,,,,,,,a_Good,3,,
1712274709086.jpg,,,,,,,,a_Good,3,,
1712274711959.jpg,,,,,,,,a_Good,3,,
1712275148962.jpg,,,,,,,,a_Good,3,,
1712274712920.jpg,,,,,,,,a_Good,3,,
1712274703187.jpg,,,,,,,,a_Good,3,,
1712275140696.jpg,,,,,,,,a_Good,3,,
1712275322726.jpg,,,,,,,,a_Good,3,,
1712275145512.jpg,,,,,,,,a_Good,3,,
1712274702924.jpg,,,,,,,,a_Good,3,,
1712275466699.jpg,,,,,,,,a_Good,3,,
1712275467418.jpg,,,,,,,,a_Good,3,,
1712274708831.jpg,,,,,,,,a_Good,3,,
Copy of IMG_2789.JPG,,,,,,,,c_Unhealthy_for_Sensitive_Groups,3,,
Copy of IMG_2819.JPG,,,,,,,,c_Unhealthy_for_Sensitive_Groups,3,,
Copy of IMG_2818.JPG,,,,,,,,c_Unhealthy_for_Sensitive_Groups,3,,
Copy of IMG_2788.JPG,,,,,,,,c_Unhealthy_for_Sensitive_Groups,3,,
Copy of IMG_2823.JPG,,,,,,,,c_Unhealthy_for_Sensitive_Groups,3,,
Copy of IMG_2822.JPG,,,,,,,,c_Unhealthy_for_Sensitive_Groups,3,,
Copy of IMG_2820.JPG,,,,,,,,c_Unhealthy_for_Sensitive_Groups,3,,
Copy of IMG_2808.JPG,,,,,,,,c_Unhealthy_for_Sensitive_Groups,3,,
Copy of IMG_2809.JPG,,,,,,,,c_Unhealthy_for_Sensitive_Groups,3,,
Copy of IMG_2821.JPG,,,,,,,,c_Unhealthy_for_Sensitive_Groups,3,,
Copy of IMG_2799.JPG,,,,,,,,c_Unhealthy_for_Sensitive_Groups,3,,
Copy of IMG_2810.JPG,,,,,,,,c_Unhealthy_for_Sensitive_Groups,3,,
Copy of IMG_2805.JPG,,,,,,,,c_Unhealthy_for_Sensitive_Groups,3,,
Copy of IMG_2811.JPG,,,,,,,,c_Unhealthy_for_Sensitive_Groups,3,,
Copy of IMG_2783.JPG,,,,,,,,c_Unhealthy_for_Sensitive_Groups,3,,
Copy of IMG_2807.JPG,,,,,,,,c_Unhealthy_for_Sensitive_Groups,3,,
Copy of IMG_2813.JPG,,,,,,,,c_Unhealthy_for_Sensitive_Groups,3,,
Copy of IMG_2812.JPG,,,,,,,,c_Unhealthy_for_Sensitive_Groups,3,,
Copy of IMG_2782.JPG,,,,,,,,c_Unhealthy_for_Sensitive_Groups,3,,
Copy of IMG_2786.JPG,,,,,,,,c_Unhealthy_for_Sensitive_Groups,3,,
Copy of IMG_2802.JPG,,,,,,,,c_Unhealthy_for_Sensitive_Groups,3,,
Copy of IMG_2816.JPG,,,,,,,,c_Unhealthy_for_Sensitive_Groups,3,,
Copy of IMG_2817.JPG,,,,,,,,c_Unhealthy_for_Sensitive_Groups,3,,
Copy of IMG_2787.JPG,,,,,,,,c_Unhealthy_for_Sensitive_Groups,3,,
Copy of IMG_2785.JPG,,,,,,,,c_Unhealthy_for_Sensitive_Groups,3,,
Copy of IMG_2801.JPG,,,,,,,,c_Unhealthy_for_Sensitive_Groups,3,,
Copy of IMG_2800.JPG,,,,,,,,c_Unhealthy_for_Sensitive_Groups,3,,
Copy of IMG_2814.JPG,,,,,,,,c_Unhealthy_for_Sensitive_Groups,3,,
Copy of IMG_2784.JPG,,,,,,,,c_Unhealthy_for_Sensitive_Groups,3,,
Copy of IMG_2701.JPG,,,,,,,,d_Unhealthy,3,,
Copy of IMG_2715.JPG,,,,,,,,d_Unhealthy,3,,
Copy of IMG_2675.JPG,,,,,,,,d_Unhealthy,3,,
Copy of IMG_2852.JPG,,,,,,,,d_Unhealthy,3,,
Copy of IMG_2846.JPG,,,,,,,,d_Unhealthy,3,,
Copy of IMG_2847.JPG,,,,,,,,d_Unhealthy,3,,
Copy of IMG_2700.JPG,,,,,,,,d_Unhealthy,3,,
Copy of IMG_2716.JPG,,,,,,,,d_Unhealthy,3,,
Copy of IMG_2702.JPG,,,,,,,,d_Unhealthy,3,,
Copy of IMG_2845.JPG,,,,,,,,d_Unhealthy,3,,
Copy of IMG_2689.JPG,,,,,,,,d_Unhealthy,3,,
Copy of IMG_2850.JPG,,,,,,,,d_Unhealthy,3,,
Copy of IMG_2688.JPG,,,,,,,,d_Unhealthy,3,,
Copy of IMG_2844.JPG,,,,,,,,d_Unhealthy,3,,
Copy of IMG_2703.JPG,,,,,,,,d_Unhealthy,3,,
Copy of IMG_2673.JPG,,,,,,,,d_Unhealthy,3,,
Copy of IMG_2698.JPG,,,,,,,,d_Unhealthy,3,,
Copy of IMG_2841.JPG,,,,,,,,d_Unhealthy,3,,
Copy of IMG_2699.JPG,,,,,,,,d_Unhealthy,3,,
Copy of IMG_2672.JPG,,,,,,,,d_Unhealthy,3,,
Copy of IMG_2706.JPG,,,,,,,,d_Unhealthy,3,,
Copy of IMG_2704.JPG,,,,,,,,d_Unhealthy,3,,
Copy of IMG_2842.JPG,,,,,,,,d_Unhealthy,3,,
Copy of IMG_2671.JPG,,,,,,,,d_Unhealthy,3,,
Copy of IMG_2711.JPG,,,,,,,,d_Unhealthy,3,,
Copy of IMG_2705.JPG,,,,,,,,d_Unhealthy,3,,
Copy of IMG_2762.JPG,,,,,,,,d_Unhealthy,3,,
Copy of IMG_2776.JPG,,,,,,,,d_Unhealthy,3,,
Copy of IMG_2831.JPG,,,,,,,,d_Unhealthy,3,,
Copy of IMG_2825.JPG,,,,,,,,d_Unhealthy,3,,
Copy of IMG_2830.JPG,,,,,,,,d_Unhealthy,3,,
Copy of IMG_2777.JPG,,,,,,,,d_Unhealthy,3,,
Copy of IMG_2763.JPG,,,,,,,,d_Unhealthy,3,,
Copy of IMG_2775.JPG,,,,,,,,d_Unhealthy,3,,
Copy of IMG_2761.JPG,,,,,,,,d_Unhealthy,3,,
Copy of IMG_2826.JPG,,,,,,,,d_Unhealthy,3,,
Copy of IMG_2832.JPG,,,,,,,,d_Unhealthy,3,,
Copy of IMG_2827.JPG,,,,,,,,d_Unhealthy,3,,
Copy of IMG_2760.JPG,,,,,,,,d_Unhealthy,3,,
Copy of IMG_2774.JPG,,,,,,,,d_Unhealthy,3,,
Copy of IMG_2758.JPG,,,,,,,,d_Unhealthy,3,,
Copy of IMG_2764.JPG,,,,,,,,d_Unhealthy,3,,
Copy of IMG_2765.JPG,,,,,,,,d_Unhealthy,3,,
Copy of IMG_2759.JPG,,,,,,,,d_Unhealthy,3,,
Copy of IMG_2767.JPG,,,,,,,,d_Unhealthy,3,,
Copy of IMG_2773.JPG,,,,,,,,d_Unhealthy,3,,
Copy of IMG_2834.JPG,,,,,,,,d_Unhealthy,3,,
Copy of IMG_2835.JPG,,,,,,,,d_Unhealthy,3,,
Copy of IMG_2766.JPG,,,,,,,,d_Unhealthy,3,,
Copy of IMG_2780.JPG,,,,,,,,d_Unhealthy,3,,
Copy of IMG_2794.JPG,,,,,,,,d_Unhealthy,3,,
Copy of IMG_2795.JPG,,,,,,,,d_Unhealthy,3,,
Copy of IMG_2796.JPG,,,,,,,,d_Unhealthy,3,,
Copy of IMG_2779.JPG,,,,,,,,d_Unhealthy,3,,
Copy of IMG_2792.JPG,,,,,,,,d_Unhealthy,3,,
Copy of IMG_2793.JPG,,,,,,,,d_Unhealthy,3,,
Copy of IMG_2778.JPG,,,,,,,,d_Unhealthy,3,,
Copy of IMG_2791.JPG,,,,,,,,d_Unhealthy,3,,
Copy of IMG_2829.JPG,,,,,,,,d_Unhealthy,3,,
Copy of IMG_2828.JPG,,,,,,,,d_Unhealthy,3,,
Copy of IMG_2708.JPG,,,,,,,,d_Unhealthy,3,,
Copy of IMG_2668.JPG,,,,,,,,d_Unhealthy,3,,
Copy of IMG_2697.JPG,,,,,,,,d_Unhealthy,3,,
Copy of IMG_2682.JPG,,,,,,,,d_Unhealthy,3,,
Copy of IMG_2696.JPG,,,,,,,,d_Unhealthy,3,,
Copy of IMG_2669.JPG,,,,,,,,d_Unhealthy,3,,
Copy of IMG_2680.JPG,,,,,,,,d_Unhealthy,3,,
Copy of IMG_2694.JPG,,,,,,,,d_Unhealthy,3,,
Copy of IMG_2695.JPG,,,,,,,,d_Unhealthy,3,,
Copy of IMG_2681.JPG,,,,,,,,d_Unhealthy,3,,
Copy of IMG_2849.JPG,,,,,,,,d_Unhealthy,3,,
Copy of IMG_2848.JPG,,,,,,,,d_Unhealthy,3,,
Copy of IMG_2690.JPG,,,,,,,,d_Unhealthy,3,,
Copy of IMG_2684.JPG,,,,,,,,d_Unhealthy,3,,
Copy of IMG_2679.JPG,,,,,,,,d_Unhealthy,3,,
Copy of IMG_2686.JPG,,,,,,,,d_Unhealthy,3,,
Copy of IMG_2687.JPG,,,,,,,,d_Unhealthy,3,,
Copy of IMG_2693.JPG,,,,,,,,d_Unhealthy,3,,
IMG_2748.JPG,,,,,,,,e_Very_Unhealthy,3,,
IMG_2728.JPG,,,,,,,,e_Very_Unhealthy,3,,
IMG_2739.JPG,,,,,,,,e_Very_Unhealthy,3,,
IMG_2738.JPG,,,,,,,,e_Very_Unhealthy,3,,
IMG_2721.JPG,,,,,,,,e_Very_Unhealthy,3,,
IMG_2720.JPG,,,,,,,,e_Very_Unhealthy,3,,
IMG_2722.JPG,,,,,,,,e_Very_Unhealthy,3,,
IMG_2736.JPG,,,,,,,,e_Very_Unhealthy,3,,
IMG_2737.JPG,,,,,,,,e_Very_Unhealthy,3,,
IMG_2723.JPG,,,,,,,,e_Very_Unhealthy,3,,
IMG_2727.JPG,,,,,,,,e_Very_Unhealthy,3,,
IMG_2733.JPG,,,,,,,,e_Very_Unhealthy,3,,
IMG_2726.JPG,,,,,,,,e_Very_Unhealthy,3,,
IMG_2718.JPG,,,,,,,,e_Very_Unhealthy,3,,
IMG_2730.JPG,,,,,,,,e_Very_Unhealthy,3,,
IMG_2724.JPG,,,,,,,,e_Very_Unhealthy,3,,
IMG_2725.JPG,,,,,,,,e_Very_Unhealthy,3,,
IMG_2731.JPG,,,,,,,,e_Very_Unhealthy,3,,
IMG_2756.JPG,,,,,,,,e_Very_Unhealthy,3,,
IMG_2742.JPG,,,,,,,,e_Very_Unhealthy,3,,
IMG_2741.JPG,,,,,,,,e_Very_Unhealthy,3,,
IMG_2750.JPG,,,,,,,,e_Very_Unhealthy,3,,
IMG_2745.JPG,,,,,,,,e_Very_Unhealthy,3,,
IMG_2747.JPG,,,,,,,,e_Very_Unhealthy,3,,
IMG_2746.JPG,,,,,,,,e_Very_Unhealthy,3,,
IMG_2752.JPG,,,,,,,,e_Very_Unhealthy,3,,
1712274151284.jpg,,,,,,,,b_Moderate,3,,
1712274165647.jpg,,,,,,,,b_Moderate,3,,
1712274173555.jpg,,,,,,,,b_Moderate,3,,
1712274143496.jpg,,,,,,,,b_Moderate,3,,
1712274174206.jpg,,,,,,,,b_Moderate,3,,
1712274132657.jpg,,,,,,,,b_Moderate,3,,
1712274136431.jpg,,,,,,,,b_Moderate,3,,
1712274172138.jpg,,,,,,,,b_Moderate,3,,
1712274128975.jpg,,,,,,,,b_Moderate,3,,
1712274171800.jpg,,,,,,,,b_Moderate,3,,
1712274148265.jpg,,,,,,,,b_Moderate,3,,
1712274147142.jpg,,,,,,,,b_Moderate,3,,
1712274150239.jpg,,,,,,,,b_Moderate,3,,
1712274158275.jpg,,,,,,,,b_Moderate,3,,
1712274174774.jpg,,,,,,,,b_Moderate,3,,
1712274137675.jpg,,,,,,,,b_Moderate,3,,
1712274178162.jpg,,,,,,,,b_Moderate,3,,
1712274130287.jpg,,,,,,,,b_Moderate,3,,
1712274145368.jpg,,,,,,,,b_Moderate,3,,
1712274142413.jpg,,,,,,,,b_Moderate,3,,
1712274146853.jpg,,,,,,,,b_Moderate,3,,
1712274182434.jpg,,,,,,,,b_Moderate,3,,
1712274141292.jpg,,,,,,,,b_Moderate,3,,
1712274142957.jpg,,,,,,,,b_Moderate,3,,
1712274157180.jpg,,,,,,,,b_Moderate,3,,
1712274149396.jpg,,,,,,,,b_Moderate,3,,
1712274140401.jpg,,,,,,,,b_Moderate,3,,
1712274169291.jpg,,,,,,,,b_Moderate,3,,
1712274179121.jpg,,,,,,,,b_Moderate,3,,
1712274147965.jpg,,,,,,,,b_Moderate,3,,
1712274135840.jpg,,,,,,,,b_Moderate,3,,
1712274144074.jpg,,,,,,,,b_Moderate,3,,
1712274165910.jpg,,,,,,,,b_Moderate,3,,
1712274175054.jpg,,,,,,,,b_Moderate,3,,
1712274183661.jpg,,,,,,,,b_Moderate,3,,
1712274167726.jpg,,,,,,,,b_Moderate,3,,
1712274165368.jpg,,,,,,,,b_Moderate,3,,
1712274158002.jpg,,,,,,,,b_Moderate,3,,
1712274151032.jpg,,,,,,,,b_Moderate,3,,
1712274158837.jpg,,,,,,,,b_Moderate,3,,
1712274145655.jpg,,,,,,,,b_Moderate,3,,
1712274140076.jpg,,,,,,,,b_Moderate,3,,
1712274176507.jpg,,,,,,,,b_Moderate,3,,
1712274151557.jpg,,,,,,,,b_Moderate,3,,
1712274168317.jpg,,,,,,,,b_Moderate,3,,
1712274135560.jpg,,,,,,,,b_Moderate,3,,
1712274134642.jpg,,,,,,,,b_Moderate,3,,
1712274172987.jpg,,,,,,,,b_Moderate,3,,
1712274177828.jpg,,,,,,,,b_Moderate,3,,
1712274175971.jpg,,,,,,,,b_Moderate,3,,
1712274150515.jpg,,,,,,,,b_Moderate,3,,
1712274179420.jpg,,,,,,,,b_Moderate,3,,
1712274161291.jpg,,,,,,,,b_Moderate,3,,
1712274157469.jpg,,,,,,,,b_Moderate,3,,
1712274181761.jpg,,,,,,,,b_Moderate,3,,
1712274158558.jpg,,,,,,,,b_Moderate,3,,
1712274182095.jpg,,,,,,,,b_Moderate,3,,
1712274170561.jpg,,,,,,,,b_Moderate,3,,
1712274163079.jpg,,,,,,,,b_Moderate,3,,
1712274168931.jpg,,,,,,,,b_Moderate,3,,
1712274157733.jpg,,,,,,,,b_Moderate,3,,
1712274138875.jpg,,,,,,,,b_Moderate,3,,
1712274183952.jpg,,,,,,,,b_Moderate,3,,
1712274151800.jpg,,,,,,,,b_Moderate,3,,
1712274171508.jpg,,,,,,,,b_Moderate,3,,
1712274130554.jpg,,,,,,,,b_Moderate,3,,
1712274144376.jpg,,,,,,,,b_Moderate,3,,
1712274161647.jpg,,,,,,,,b_Moderate,3,,
1712274138281.jpg,,,,,,,,b_Moderate,3,,
1712274148799.jpg,,,,,,,,b_Moderate,3,,
1712274133329.jpg,,,,,,,,b_Moderate,3,,
1712274172413.jpg,,,,,,,,b_Moderate,3,,
1712274159127.jpg,,,,,,,,b_Moderate,3,,
1712274152066.jpg,,,,,,,,b_Moderate,3,,
1712274155494.jpg,,,,,,,,b_Moderate,3,,
1712274173889.jpg,,,,,,,,b_Moderate,3,,
1712274129239.jpg,,,,,,,,b_Moderate,3,,
1712274143793.jpg,,,,,,,,b_Moderate,3,,
1712274169608.jpg,,,,,,,,b_Moderate,3,,
1712274139759.jpg,,,,,,,,b_Moderate,3,,
1712274142664.jpg,,,,,,,,b_Moderate,3,,
1712274141543.jpg,,,,,,,,b_Moderate,3,,
1712274147697.jpg,,,,,,,,b_Moderate,3,,
1712274137358.jpg,,,,,,,,b_Moderate,3,,
1712274166467.jpg,,,,,,,,b_Moderate,3,,
1712274152903.jpg,,,,,,,,b_Moderate,3,,
1712274164255.jpg,,,,,,,,b_Moderate,3,,
1712274162803.jpg,,,,,,,,b_Moderate,3,,
1712274183357.jpg,,,,,,,,b_Moderate,3,,
1712274140693.jpg,,,,,,,,b_Moderate,3,,
1712274143211.jpg,,,,,,,,b_Moderate,3,,
1712274149700.jpg,,,,,,,,b_Moderate,3,,
1712274174495.jpg,,,,,,,,b_Moderate,3,,
1712274128659.jpg,,,,,,,,b_Moderate,3,,
1712274141836.jpg,,,,,,,,b_Moderate,3,,
1712274134098.jpg,,,,,,,,b_Moderate,3,,
1712274154963.jpg,,,,,,,,b_Moderate,3,,
1712274167417.jpg,,,,,,,,b_Moderate,3,,
1712274131123.jpg,,,,,,,,b_Moderate,3,,
1712274136704.jpg,,,,,,,,b_Moderate,3,,
1712274156594.jpg,,,,,,,,b_Moderate,3,,
1712274175365.jpg,,,,,,,,b_Moderate,3,,
1712274177572.jpg,,,,,,,,b_Moderate,3,,
1712274160959.jpg,,,,,,,,b_Moderate,3,,
1712274146578.jpg,,,,,,,,b_Moderate,3,,
1712274136128.jpg,,,,,,,,b_Moderate,3,,
1712274132366.jpg,,,,,,,,b_Moderate,3,,
1712274162223.jpg,,,,,,,,b_Moderate,3,,
1712274153798.jpg,,,,,,,,b_Moderate,3,,
1712274137009.jpg,,,,,,,,b_Moderate,3,,
1712274129790.jpg,,,,,,,,b_Moderate,3,,
1712274160353.jpg,,,,,,,,b_Moderate,3,,
1712274149104.jpg,,,,,,,,b_Moderate,3,,
1712274130821.jpg,,,,,,,,b_Moderate,3,,
1712274173277.jpg,,,,,,,,b_Moderate,3,,
1712274133848.jpg,,,,,,,,b_Moderate,3,,
1712274163689.jpg,,,,,,,,b_Moderate,3,,
1712274131440.jpg,,,,,,,,b_Moderate,3,,
1712274137970.jpg,,,,,,,,b_Moderate,3,,
1712274153206.jpg,,,,,,,,b_Moderate,3,,
1712274132982.jpg,,,,,,,,b_Moderate,3,,
1712274139155.jpg,,,,,,,,b_Moderate,3,,
1712274181425.jpg,,,,,,,,b_Moderate,3,,
1712274159729.jpg,,,,,,,,b_Moderate,3,,
1712274178485.jpg,,,,,,,,b_Moderate,3,,
1712274154392.jpg,,,,,,,,b_Moderate,3,,
1712274182758.jpg,,,,,,,,b_Moderate,3,,
1712274131747.jpg,,,,,,,,b_Moderate,3,,
1712274135247.jpg,,,,,,,,b_Moderate,3,,
1712274159438.jpg,,,,,,,,b_Moderate,3,,
1712274145011.jpg,,,,,,,,b_Moderate,3,,
1712274166192.jpg,,,,,,,,b_Moderate,3,,
1712274175688.jpg,,,,,,,,b_Moderate,3,,
1712274172695.jpg,,,,,,,,b_Moderate,3,,
1712274156864.jpg,,,,,,,,b_Moderate,3,,
1712274171203.jpg,,,,,,,,b_Moderate,3,,
1712274149987.jpg,,,,,,,,b_Moderate,3,,
1712274134950.jpg,,,,,,,,b_Moderate,3,,
1712274161951.jpg,,,,,,,,b_Moderate,3,,
1712274142144.jpg,,,,,,,,b_Moderate,3,,
1712274150781.jpg,,,,,,,,b_Moderate,3,,
1712274180760.jpg,,,,,,,,b_Moderate,3,,
1712274162530.jpg,,,,,,,,b_Moderate,3,,
1712274176237.jpg,,,,,,,,b_Moderate,3,,
1712274145992.jpg,,,,,,,,b_Moderate,3,,
1712274156078.jpg,,,,,,,,b_Moderate,3,,
1712274155767.jpg,,,,,,,,b_Moderate,3,,
1712274170268.jpg,,,,,,,,b_Moderate,3,,
1712274144668.jpg,,,,,,,,b_Moderate,3,,
1712274160641.jpg,,,,,,,,b_Moderate,3,,
1712274180005.jpg,,,,,,,,b_Moderate,3,,
1712274133595.jpg,,,,,,,,b_Moderate,3,,
1712274180367.jpg,,,,,,,,b_Moderate,3,,
1712274146283.jpg,,,,,,,,b_Moderate,3,,
1712274160042.jpg,,,,,,,,b_Moderate,3,,
1712274167077.jpg,,,,,,,,b_Moderate,3,,
1712274139447.jpg,,,,,,,,b_Moderate,3,,
1712274177066.jpg,,,,,,,,b_Moderate,3,,
1712274181109.jpg,,,,,,,,b_Moderate,3,,
1712274153503.jpg,,,,,,,,b_Moderate,3,,
1712274152608.jpg,,,,,,,,b_Moderate,3,,
1712274156334.jpg,,,,,,,,b_Moderate,3,,
1712274165073.jpg,,,,,,,,b_Moderate,3,,
1712274164812.jpg,,,,,,,,b_Moderate,3,,
1712274140973.jpg,,,,,,,,b_Moderate,3,,
1712274154084.jpg,,,,,,,,b_Moderate,3,,
1712274148526.jpg,,,,,,,,b_Moderate,3,,
1712274168621.jpg,,,,,,,,b_Moderate,3,,
1712274179704.jpg,,,,,,,,b_Moderate,3,,
1712274176806.jpg,,,,,,,,b_Moderate,3,,
1712274178817.jpg,,,,,,,,b_Moderate,3,,
1712274134360.jpg,,,,,,,,b_Moderate,3,,
1712274132061.jpg,,,,,,,,b_Moderate,3,,
1712274138558.jpg,,,,,,,,b_Moderate,3,,
1712274169924.jpg,,,,,,,,b_Moderate,3,,
1712274163992.jpg,,,,,,,,b_Moderate,3,,
1712274155213.jpg,,,,,,,,b_Moderate,3,,
1712274168019.jpg,,,,,,,,b_Moderate,3,,
1712274166752.jpg,,,,,,,,b_Moderate,3,,
1712274152346.jpg,,,,,,,,b_Moderate,3,,
1712274170865.jpg,,,,,,,,b_Moderate,3,,
1712274129509.jpg,,,,,,,,b_Moderate,3,,
1712274130058.jpg,,,,,,,,b_Moderate,3,,
1712274177307.jpg,,,,,,,,b_Moderate,3,,
1712274183046.jpg,,,,,,,,b_Moderate,3,,
1712274154681.jpg,,,,,,,,b_Moderate,3,,
1712274147428.jpg,,,,,,,,b_Moderate,3,,
1712274164540.jpg,,,,,,,,b_Moderate,3,,
